Brand Name,Official Instagram Bio,AI Summary
2001odysey,"2001, www.2001odysey.org","Futuristic fashion brand, see 2001odysey.org"
22kilogram,"22KG¬Æ Brand, 22kilogram.com","Streetwear label, official site 22kilogram.com"
aliasonline.us,"DROP 1 AND 2 SOLD OUT, aliasonline.us","Hype drops, often sell out, shop at aliasonline.us"
allure.newyork,"[NEW INTELLIGENCE 07/??]allurenybrand@gmail.com, allurenewyork.com","New York-based, new collection, allurenewyork.com"
alreadywritten,"ALREADY WRITTEN, already-written.com","Contemporary label, already-written.com"
angel333online,"@AGLFCEKLR, angel333.online","Mysterious/cryptic, shop at angel333.online"
ArtificialFever,"., artificialfever.com","Minimalist, avant-garde, artificialfever.com"
astonecoldstudiosproduction,"@asspstaff Shot in London, United Kingdom.Director's Cut Denim Resock Live., stonecoldstudios.co.uk","London-based, denim focus, stonecoldstudios.co.uk"
attachmentsonline,"American Merchandise Since 2021WEBSITE CLOSED.","Classic American merch, currently closed"
awaitedmilitia,"SMS sign up on siteEmail: contact@awaitedmilitia.com, awaitedmilitia.com","Streetwear, SMS/email signups, awaitedmilitia.com"
badson.us,"LIGHTUtah, USA, badson.us","Utah-based, light-themed, badson.us"
berlinc.co,"essential quality designed in california by @olegag_","California-based, quality essentials"
blanksbythirteen,"Made in USA üá∫üá∏Retail & Wholesale, blanksbythirteen.com","US-made basics, blanksbythirteen.com"
bomiworks,"Live From The Ether, bomiworks.com","Experimental, bomiworks.com"
brotherlylove,"full motorave capsule ss25 sold outcurrently shipp..., brotherlylove.store/ss25","Philly-based, capsule drops, brotherlylove.store"
byjeshal,"Made With Purpose, jeshal.net","Purpose-driven, jeshal.net"
bykodyphillips,"Pantaloons Champion üë®üèª‚Äçü¶ΩFOR PRESS & STYLIST PULLS CONTACT @effenanastasiaCUSTOMER SERVICE IS OFF ON THE WEEKEND. SAVE..., kodyphillips.com","Unique pants, press/stylist focus, kodyphillips.com"
california.arts,"California Minimalism‚Ñ¢A minimalist paradise.From the palm-fringed western edge.Spring Summer '25 available now., california-arts.com","Minimalist California style, california-arts.com"
chinatowncountryclub,"Online and in StoreWorldwide ShippingRetail: 11am - 6pm (Mon-Sun)Cafe: 8am-3pm (Mon-Fri) 9am-4pm (Sat-Sun)APT CCC:..., chinatowncountryclub.com","Retail/cafe, global shipping, chinatowncountryclub.com"
chxmicalover,"FBK, www.chxmicalover.com","Edgy, www.chxmicalover.com"
concrete_orchids,"concreteorchids.com","Urban-inspired, concreteorchids.com"
corporateworld,"A PRODUCT OF HOPE ‚ú£NEW DROP - 11TH JULYOwner: @corppatMusic: @guttr.global, www.corporateworld.shop","Hopeful, music collabs, corporateworld.shop"
cozy.worldwidee,"SHIPPING WORLDWIDESUMMER 25 MENSWEAR OUT NOWSHOWROOM LOADING....Support & Pr Reqs: Support@cozyworldwide.co, cozyworldwide.co","Global menswear, cozyworldwide.co"
cyvist,"WOMENSWEAR SOON, cyvist.com","Womenswear coming soon, cyvist.com"
deadatlantic,"GO OUTSIDE, deadatlantic.com","Outdoor-inspired, deadatlantic.com"
demiknj,"Incomparable. Immeasurable. Black Swan - Online. Everything ships out next day. demiknj.com/collections/shop","Unique, fast shipping, demiknj.com"
derschutze_clo,"wearable art. instore @derschutze_london @derschutze_newyork. derschutze.com","Wearable art, London/NYC, derschutze.com"
ditch,"WE ONLY RESTOCK BLANKS. DISCORD.GG/DITCH. WE SHIP WORLDWIDE. FREE US SHIPPING. OUR ONLY ACCOUNT. ditch.la/store","Blank basics, Discord, ditch.la/store"
drolandmiller,"COLLECTION LIVE ON SITE. drolandmiller.com","Collection live, drolandmiller.com"
emestudios_,"Always Grateful. Worldwide Shipping. emestudios.com","Grateful, global shipping, emestudios.com"
emptyspaces,"SS23 COLLECTION AVAILABLE NOW! www.empty-spaces.live","Current collection, empty-spaces.live"
eraworldwideclub,"RAW. eraworldwide.club","Raw style, eraworldwide.club"
eternal_artwear,"RESURRECTION. Shipping orders - email support with any concerns/questions.","Resurrection theme, responsive support"
eternalloveworld,"SS25 COLLECTION OUT NOW ‚ô° Los Angeles, CA. eternallove.world/collections/products","LA-based, new collection, eternallove.world"
fine.culture,"@fc.archivee. JULY18. [EVERYTHING] SHIPS NEXT DAY - Momma FC. FC EFFECT SAVED ME. FC LIFE SPAN IN... fineculturee.com","Fast shipping, community, fineculturee.com"
fnkstudios,"QUESTIONS? Join Our Discord. PR CONTACT: THEFAM@FNKSTUDIOS.COM. SUPPORT@FNKSTUDIOS.COM. www.fnkstudios.com","Discord, PR/support focus, fnkstudios.com"
forcesunseen,"Our Worlds Collide Through Forces Unseen","Conceptual, mysterious themes"
forevakaash,"kaash never dies. site is closed. forevakaash.com","Legacy brand, site closed, forevakaash.com"
fortytwoco,"@footytwoco restock LIVE. contact: help@fortytwoco.net. www.fortytwoco.net","Restocks, contact info, fortytwoco.net"
fourfour.jpg,"44 | TOP TIER | ‚â†THE CREATOR - @44toptier. HAND WAXED FLARED DENIM OUT NOW. fourfouronline.com","Top tier, hand-waxed denim, fourfouronline.com"
friedrice_nyc,"/fraÃÅjd raÃÅjs/ n, of NYC; inspired by creative minds. #friedricenyc @mayafriedrice. friedrice-nyc.com","NYC creative, friedrice-nyc.com"
haveyoudiedbefore,"JULY 23rd 12PM PACIFIC. los angeles. press info@haveyoudiedbefore.online. orders haveyoudiedbefore@gmail.com. www.haveyoudiedbefore.online","LA-based, drop dates, haveyoudiedbefore.online"
__heavencanwait__,"@hcwcompetitions @hcw.jpeg. www.heavencanwait.store","Competitions, heaven can wait, heavencanwait.store"
heavenonearthstudios,"CHRISTIAN STREETWEAR. ALL SALES ARE FINAL! heavenonearth.shop","Christian streetwear, all sales final, heavenonearth.shop"
hidden.season,"Site is open to the public. By @jordan.killgore. hiddenseason.com","Open site, by Jordan Killgore, hiddenseason.com"
hypedept.co,"‚úâÔ∏èCustomer Support: support@hypedept.us. hypedept.com","Customer support focus, hypedept.com"
iconaclub,"Mini Capsule live now online. www.iconaclub.com","Mini capsule drops, iconaclub.com"
idle____time,"orders in production‚Ä¶ www.findingpure.com/store","Orders in production, findingpure.com/store"
ihp.ihp.ihp,"your happy place. imhappypromise.com","Positive vibes, imhappypromise.com"
insain.worldwide,"‚ÄòA Forged Road‚Äô Online Now.. ‚ô†Ô∏èSupport: insainworldwide@gmail.com / @insainjcdc. www.insainworldwide.com","Forged road theme, support info, insainworldwide.com"
kinejkt,"for the arts. kinejkt.com","Art-focused, kinejkt.com"
kontend__,"journey‚Ä¶. (No website found in bio.)","Journey theme, no website"
kyonijr,"kyoni.online","Kyoni online, kyoni.online"
lantiki_official,"@lantiki_tokyo Mon. -Sun. 12pm -8pm. @lantiki_kobe Contact : info@lantiki.com / DM. Jingumae 5-45-12, Shibuya, Tokyo 150001. lantikimarket.com","Tokyo/Kobe, lantikimarket.com"
lildenimjean,"faded clothes & passionate design. lildenimjean.com","Faded clothes, passionate design, lildenimjean.com"
liquidlagoon,"Opening June 27, 6 PM ET. www.liquidlagoon.com","New opening, liquidlagoon.com"
maharishi,"Pacifist Military Design since 1994. Maharishi 2-3 Great Pulteney Street, London, United Kingdom W1F 9LY. linkin.bio/maharishi","Pacifist military design, London, maharishi"
menacelosangeles,"www.menacelosangeles.com","LA-based, menacelosangeles.com"
misanthropestudios,"NO DMS JOIN SMS LIST FOR UPDATESüëáüèΩ. misanthropestudios.us","SMS updates, misanthropestudios.us"
Mutimer.co,"by @jasperjmutimer. free worldwide shipping. melbourne, australia. mutimer.co","Melbourne-based, free shipping, mutimer.co"
nihil.ny,"by @knhtrn. nothing defined. nihilny.com","Minimalist, nihilny.com"
nomaintenance,"Object with a memory. nomaintenance.us","Memory-themed, nomaintenance.us"
oedemaa,"+est. 2020 Chernihiv+__________oedism. oedema.studio","Chernihiv-based, oedema.studio"
omneeworld,"4YR DROP OUT NOW. omnee.world/collections/all-products","4-year drop, omnee.world"
outlw.usa,"FOR THE FEW: @outlw.archive. www.outlw.xyz","Exclusive, outlw.xyz"
paradoxeparis,"Artisanal savoir-faire. Fabrics make the difference. OPENING HOURS: Tuesday to Saturday 10:30 - 19:00. Monday and Sunday - Closed. 1 Rue de Jarente, Paris, France 75004. paradoxeparis.com","Parisian artisanal, paradoxeparis.com"
pdf.channel,"PROJECT DOMENICO FORMICHETTI. pdfchannel.com","Project-based, pdfchannel.com"
peaceandwar89,"personinuniform@gmail.com. peaceandwar.store","Contact info, peaceandwar.store"
personalfears,"Stainless Steel + Sterling Silver. All pieces designed in our NYC studio. 85 Ludlow St, FRNT A, New York, New York 10002. www.personalfears.com","NYC jewelry, personalfears.com"
poolhousenewyork,"Made in USA. ‚ÄòClassic Style, Perfect Fit‚Äô. Shop Our New Collection. poolhousenewyork.com/pages/newsletter","Classic style, poolhousenewyork.com"
profitminded.clo,"By @itsprofit_. FREE STANDARD US SHIPPING. SHOP NOW / NEXT DROP EARLY ACCESS. profitmindedclothing.com","Free shipping, early access, profitmindedclothing.com"
qbsay,"Worldwide shipping. qbsay.com","Worldwide shipping, qbsay.com"
rangercartel,"1000 Years its the true bridge.. i can‚Äôt help but smile open the Gates i pray they don‚Äôt close t.g.i.f. we are fragile.. www.rangercartel.com","Bridge theme, rangercartel.com"
rdvstudios,"rdvstudios.xyz","Studio, rdvstudios.xyz"
roypubliclabel,"royprivatelabel.com","Private label, royprivatelabel.com"
saeminium,"Talented Saemi @saeminiumgallery","Artist-driven, saeminiumgallery"
sensorydept,"ùî∏ ùïìùïíùïüùïï? ùî∏ ùïìùï£ùïíùïüùïï? Depends on the day. site is closed - collection_002 + new in dev. www.sensorydept.com/shop","Band/brand hybrid, sensorydept.com"
septemberseventhstudios,"The seventh day of the seventh month. 4 YEAR ANNIVERSARY INVENTORY SALE NOW LIVE. www.septemberseventhh.com","Anniversary sale, septemberseventhh.com"
shineluxurystudios,"@samiseck. 1998. 25. shineluxury.com/collections/cell-collection","Luxury, shineluxury.com"
shmuie,"CHICAGO POP UP 7/26 MILWAUKEE POP UP 7/27. SEASONLESS. All Inquiries: customerSupport@Shmuie.com. shmuie.com","Pop-ups, seasonless, shmuie.com"
sixshooter.us,"by @trey.teixeira. ‚ÄúDIVISION‚Äù Denim and ‚ÄúUNIT‚Äù Zip Up OUT NOW. sixshooter.shop/collections/all","Denim/zip-ups, sixshooter.shop"
slovakiandreams,"+ AW25 ‚ÄòSurvivor‚Äô Online Now.. +Support/Updates : @xlovakia. slovakian-dreams.com","Survivor theme, slovakian-dreams.com"
somar.us,"somar.us","Somar, somar.us"
srrysora,"The Great Reset. @studio.srrysora. New website loading...","Reset theme, new site coming"
ssstufff.official,"Inspired by Everyday Chaos. Madrid store: Calle Pez, 14. Barcelona store: Carrer del Duc, 7. www.ssstufff.com","Inspired by chaos, stores in Spain, ssstufff.com"
stolenarts_,"by @nolovescott. stolenarts.us","By Nolovescott, stolenarts.us"
sundae.school,"a higher education institution üìöüí® 21+. @sundae_flowers. press & partnerships: press@sundae.school. www.sundae.school","Higher education theme, sundaeschool.com"
thegvgallery,"Imperfection is beauty. Email: Info@thegvgallery.com. thegvgallery.com","Imperfection theme, thegvgallery.com"
throneroomx,"Archive of mine ambivalence. Digital cells/Digital kiss.","Ambivalence archive, digital art"
vega9602k,"activewear. vega.rip","Activewear, vega.rip"
vengeance_studios,"MYST√àRE DES AMES. vengeancestudios.store","Mystery theme, vengeancestudios.store" 